{
    "name": "root",
    "metadata": {
        "timer_format_version": "0.1.0",
        "start_time_seconds": "1619214777",
        "python_version": "3.9.4 (tags/v3.9.4:1f2e308, Apr  6 2021, 13:40:21) [MSC v.1928 64 bit (AMD64)]",
        "command_line_arguments": "D:\\Repositories\\Senior Capstone\\venv\\Scripts\\mlagents-learn --run-id=Run4 --resume",
        "mlagents_version": "0.25.1",
        "mlagents_envs_version": "0.25.1",
        "communication_protocol_version": "1.5.0",
        "pytorch_version": "1.8.1+cpu",
        "numpy_version": "1.20.2",
        "end_time_seconds": "1619214784"
    },
    "total": 6.9567879,
    "count": 1,
    "self": 0.0037178000000004374,
    "children": {
        "run_training.setup": {
            "total": 0.03407899999999997,
            "count": 1,
            "self": 0.03407899999999997
        },
        "TrainerController.start_learning": {
            "total": 6.9189910999999995,
            "count": 1,
            "self": 0.00210519999999903,
            "children": {
                "TrainerController._reset_env": {
                    "total": 6.6766807,
                    "count": 1,
                    "self": 6.6766807
                },
                "trainer_threads": {
                    "total": 1.5499999999946112e-05,
                    "count": 1,
                    "self": 1.5499999999946112e-05,
                    "children": {
                        "thread_root": {
                            "total": 0.0,
                            "count": 0,
                            "is_parallel": true,
                            "self": 0.0,
                            "children": {
                                "trainer_advance": {
                                    "total": 0.013692099999999208,
                                    "count": 7,
                                    "is_parallel": true,
                                    "self": 6.629999999763214e-05,
                                    "children": {
                                        "process_trajectory": {
                                            "total": 0.013625800000001576,
                                            "count": 7,
                                            "is_parallel": true,
                                            "self": 0.013625800000001576
                                        }
                                    }
                                }
                            }
                        }
                    }
                },
                "TrainerController._save_models": {
                    "total": 0.24018970000000017,
                    "count": 1,
                    "self": 0.003102499999999786,
                    "children": {
                        "RLTrainer._checkpoint": {
                            "total": 0.2370872000000004,
                            "count": 2,
                            "self": 0.2370872000000004
                        }
                    }
                }
            }
        }
    }
}