{"count":1,"self":1058.6743807999999,"total":4982.8322571,"children":{"InitializeActuators":{"count":2,"self":0.0019947999999999997,"total":0.0019947999999999997,"children":null},"InitializeSensors":{"count":2,"self":0.0009977,"total":0.0009977,"children":null},"AgentSendState":{"count":2358160,"self":28.059900799999998,"total":67.31042459999999,"children":{"CollectObservations":{"count":943264,"self":7.1523471999999995,"total":7.1523473,"children":null},"WriteActionMask":{"count":943264,"self":3.7991835999999997,"total":3.7991835999999997,"children":null},"RequestDecision":{"count":943264,"self":9.9699376,"total":28.298993499999998,"children":{"AgentInfo.ToProto":{"count":943264,"self":8.7464383999999988,"total":18.329056299999998,"children":{"GenerateSensorData":{"count":943264,"self":9.5826184,"total":9.5826181,"children":null}}}}}}},"DecideAction":{"count":2358160,"self":3843.2124928,"total":3843.2124974999997,"children":null},"AgentAct":{"count":2358160,"self":13.6010768,"total":13.6010767,"children":null},"AgentInfo.ToProto":{"count":1174,"self":0.012966,"total":0.028924799999999997,"children":{"GenerateSensorData":{"count":1174,"self":0.0159588,"total":0.0159588,"children":null}}}},"gauges":{"Hero Knight Behavior.CumulativeReward":{"count":587,"max":21,"min":-21,"runningAverage":-2.92759538,"value":-9,"weightedAverage":-9.17976},"Dark Knight Behavior.CumulativeReward":{"count":587,"max":21,"min":-21,"runningAverage":2.29727483,"value":9,"weightedAverage":8.741756}},"metadata":{"timer_format_version":"0.1.0","start_time_seconds":"1619396732","unity_version":"2019.4.18f1","command_line_arguments":"D:\\Unity Versions\\2019.4.18f1\\Editor\\Unity.exe -projectpath D:\/Repositories\/Senior Capstone -useHub -hubIPC -cloudEnvironment production -hubSessionId 5abd7e70-a5d4-11eb-afdf-73966783bb28","communication_protocol_version":"1.5.0","com.unity.ml-agents_version":"1.9.1-preview","scene_name":"SampleScene","end_time_seconds":"1619401715"}}