{
    "name": "root",
    "gauges": {
        "DarkKnightBehavior.Policy.Entropy.mean": {
            "value": 2.3761935234069824,
            "min": 2.3512802124023438,
            "max": 2.3761935234069824,
            "count": 2
        },
        "DarkKnightBehavior.Policy.Entropy.sum": {
            "value": 118809.6796875,
            "min": 117566.3671875,
            "max": 118809.6796875,
            "count": 2
        },
        "DarkKnightBehavior.Environment.EpisodeLength.mean": {
            "value": 1079.0,
            "min": 1056.0425531914893,
            "max": 1079.0,
            "count": 2
        },
        "DarkKnightBehavior.Environment.EpisodeLength.sum": {
            "value": 49634.0,
            "min": 49634.0,
            "max": 49634.0,
            "count": 2
        },
        "DarkKnightBehavior.Policy.ExtrinsicValueEstimate.mean": {
            "value": -3.4948489665985107,
            "min": -7.408998966217041,
            "max": -3.4948489665985107,
            "count": 2
        },
        "DarkKnightBehavior.Policy.ExtrinsicValueEstimate.sum": {
            "value": -2750.446044921875,
            "min": -5830.88232421875,
            "max": -2750.446044921875,
            "count": 2
        },
        "DarkKnightBehavior.Environment.CumulativeReward.mean": {
            "value": 0.0,
            "min": 0.0,
            "max": 0.0,
            "count": 2
        },
        "DarkKnightBehavior.Environment.CumulativeReward.sum": {
            "value": 0.0,
            "min": 0.0,
            "max": 0.0,
            "count": 2
        },
        "DarkKnightBehavior.Policy.ExtrinsicReward.mean": {
            "value": 0.0,
            "min": 0.0,
            "max": 0.0,
            "count": 2
        },
        "DarkKnightBehavior.Policy.ExtrinsicReward.sum": {
            "value": 0.0,
            "min": 0.0,
            "max": 0.0,
            "count": 2
        },
        "DarkKnightBehavior.Losses.PolicyLoss.mean": {
            "value": 0.024938021611887958,
            "min": 0.024464100822903373,
            "max": 0.024938021611887958,
            "count": 2
        },
        "DarkKnightBehavior.Losses.PolicyLoss.sum": {
            "value": 0.1246901080594398,
            "min": 0.09785640329161349,
            "max": 0.1246901080594398,
            "count": 2
        },
        "DarkKnightBehavior.Losses.ValueLoss.mean": {
            "value": 0.09633119056622187,
            "min": 0.09633119056622187,
            "max": 0.443728222263356,
            "count": 2
        },
        "DarkKnightBehavior.Losses.ValueLoss.sum": {
            "value": 0.48165595283110935,
            "min": 0.48165595283110935,
            "max": 1.774912889053424,
            "count": 2
        },
        "DarkKnightBehavior.Policy.LearningRate.mean": {
            "value": 0.0002567715744094799,
            "min": 0.0002567715744094799,
            "max": 0.00028456020514659996,
            "count": 2
        },
        "DarkKnightBehavior.Policy.LearningRate.sum": {
            "value": 0.0012838578720473996,
            "min": 0.0011382408205863998,
            "max": 0.0012838578720473996,
            "count": 2
        },
        "DarkKnightBehavior.Policy.Epsilon.mean": {
            "value": 0.18559052,
            "min": 0.18559052,
            "max": 0.1948534,
            "count": 2
        },
        "DarkKnightBehavior.Policy.Epsilon.sum": {
            "value": 0.9279526,
            "min": 0.7794136,
            "max": 0.9279526,
            "count": 2
        },
        "DarkKnightBehavior.Policy.Beta.mean": {
            "value": 0.004280966948,
            "min": 0.004280966948,
            "max": 0.004743184659999999,
            "count": 2
        },
        "DarkKnightBehavior.Policy.Beta.sum": {
            "value": 0.02140483474,
            "min": 0.018972738639999997,
            "max": 0.02140483474,
            "count": 2
        },
        "DarkKnightBehavior.IsTraining.mean": {
            "value": 1.0,
            "min": 1.0,
            "max": 1.0,
            "count": 2
        },
        "DarkKnightBehavior.IsTraining.sum": {
            "value": 1.0,
            "min": 1.0,
            "max": 1.0,
            "count": 2
        },
        "HeroKnightBehavior.Policy.Entropy.mean": {
            "value": 2.329033374786377,
            "min": 2.329033374786377,
            "max": 2.3954873085021973,
            "count": 2
        },
        "HeroKnightBehavior.Policy.Entropy.sum": {
            "value": 116451.6640625,
            "min": 116451.6640625,
            "max": 119776.765625,
            "count": 2
        },
        "HeroKnightBehavior.Environment.EpisodeLength.mean": {
            "value": 1079.0,
            "min": 1056.0425531914893,
            "max": 1079.0,
            "count": 2
        },
        "HeroKnightBehavior.Environment.EpisodeLength.sum": {
            "value": 49634.0,
            "min": 49634.0,
            "max": 49634.0,
            "count": 2
        },
        "HeroKnightBehavior.Policy.ExtrinsicValueEstimate.mean": {
            "value": -2.629368782043457,
            "min": -6.214221477508545,
            "max": -2.629368782043457,
            "count": 2
        },
        "HeroKnightBehavior.Policy.ExtrinsicValueEstimate.sum": {
            "value": -2069.313232421875,
            "min": -4890.59228515625,
            "max": -2069.313232421875,
            "count": 2
        },
        "HeroKnightBehavior.Environment.CumulativeReward.mean": {
            "value": 0.0,
            "min": 0.0,
            "max": 0.0,
            "count": 2
        },
        "HeroKnightBehavior.Environment.CumulativeReward.sum": {
            "value": 0.0,
            "min": 0.0,
            "max": 0.0,
            "count": 2
        },
        "HeroKnightBehavior.Policy.ExtrinsicReward.mean": {
            "value": 0.0,
            "min": 0.0,
            "max": 0.0,
            "count": 2
        },
        "HeroKnightBehavior.Policy.ExtrinsicReward.sum": {
            "value": 0.0,
            "min": 0.0,
            "max": 0.0,
            "count": 2
        },
        "HeroKnightBehavior.Losses.PolicyLoss.mean": {
            "value": 0.02312160717866694,
            "min": 0.02312160717866694,
            "max": 0.02413127310477042,
            "count": 2
        },
        "HeroKnightBehavior.Losses.PolicyLoss.sum": {
            "value": 0.11560803589333471,
            "min": 0.09652509241908168,
            "max": 0.11560803589333471,
            "count": 2
        },
        "HeroKnightBehavior.Losses.ValueLoss.mean": {
            "value": 0.10681559825936952,
            "min": 0.10681559825936952,
            "max": 0.5506158323958515,
            "count": 2
        },
        "HeroKnightBehavior.Losses.ValueLoss.sum": {
            "value": 0.5340779912968476,
            "min": 0.5340779912968476,
            "max": 2.202463329583406,
            "count": 2
        },
        "HeroKnightBehavior.Policy.LearningRate.mean": {
            "value": 0.0002567715744094799,
            "min": 0.0002567715744094799,
            "max": 0.00028456020514659996,
            "count": 2
        },
        "HeroKnightBehavior.Policy.LearningRate.sum": {
            "value": 0.0012838578720473996,
            "min": 0.0011382408205863998,
            "max": 0.0012838578720473996,
            "count": 2
        },
        "HeroKnightBehavior.Policy.Epsilon.mean": {
            "value": 0.18559052,
            "min": 0.18559052,
            "max": 0.1948534,
            "count": 2
        },
        "HeroKnightBehavior.Policy.Epsilon.sum": {
            "value": 0.9279526,
            "min": 0.7794136,
            "max": 0.9279526,
            "count": 2
        },
        "HeroKnightBehavior.Policy.Beta.mean": {
            "value": 0.004280966948,
            "min": 0.004280966948,
            "max": 0.004743184659999999,
            "count": 2
        },